,query,titles,links,descriptions
0,Silvia Gilma Salame Farjat facebook,Silvia Salame Farjat - Home | Facebook,https://www.facebook.com/silviasalamefarjat/,"Silvia Salame Farjat. December 28, 2020 at 6:41 AM ·. Pasada la fiesta más importante del mundo Cristino, debemos trabajar por días mejores para nuestro país,. Espero que como brigada Chuquisaqueña, antepongamos, los intereses de nuestra tierra, a colores políticos o apetitos personales."
1,Silvia Gilma Salame Farjat facebook,SILVIA GILMA SALAME FARJAT... - Democracia de Verdad ...,https://www.facebook.com/democraciaverdadbolivia/posts/441614639724605,"SILVIA GILMA SALAME FARJAT Candidata a Primera Senadora por Chuquisaca. Nació en Sucre. Abogada, docente universitaria e investigadora, de amplia experiencia en la rama de su profesión y como..."
2,Silvia Gilma Salame Farjat facebook,Silvia Salame Farjat - Home | Facebook,https://www.prod.facebook.com/silviasalamefarjat/,"Silvia Salame Farjat, Sucre. 4,782 likes · 4 talking about this. Nací en Sucre, soy abogada y activista judicial, comprometida en la lucha para el acceso a la justicia de todas y todos los bolivianos."
3,Silvia Gilma Salame Farjat facebook,Silvia Salame Farjat Profiles | Facebook,https://www.facebook.com/public/Silvia-Salame-Farjat,View the profiles of people named Silvia Salame Farjat. Join Facebook to connect with Silvia Salame Farjat and others you may know. Facebook gives people...
4,Silvia Gilma Salame Farjat facebook,Silvia Salame Farjat - SALUD en el foro político | Facebook,https://www.facebook.com/silviasalamef/videos/salud-en-el-foro-pol%C3%ADtico/2905747072787442/,"Silvia Gilma Salame Farjat Candidata A Primera Senaturia por Comunidad Ciudadana Chuquisaca, se refiere a la SALUD DEL DEPARTAMENTO DE CHUQUISACA en el foro político de propuestas para los sectores Industrial, Comercial, Servicios y Turismo organizado por la CAINCO CHUQUISACA."
5,Silvia Gilma Salame Farjat facebook,Silvia Salame Farjat - Silvia Salame Farjat | Facebook,https://www.facebook.com/silviasalamefarjat/posts/1034518466995210,See more of Silvia Salame Farjat on Facebook. Log In. or. Create New Account. See more of Silvia Salame Farjat on Facebook. Log In. Forgot account? or. Create New Account. Not Now. Related Pages. Lily Fernandez. Politician. Marcelo Pedrazas. Politician. Pablo Arízaga Ruiz. Interest. SUCRE La Capital. News & Media Website.
6,Silvia Gilma Salame Farjat facebook,Silvia Salame Farjat - Ley de Deslinde | Facebook,https://www.facebook.com/silviasalamefarjat/videos/676751649619881/,"Para #UnaBoliviaMejor con Carlos D. Mesa Gisbert, #UnaChuquisacaMejor con Silvia Salame Farjat李 ️ #PrimeroLasMujeres #PrimeroChuquisaca #PrimeroLaGente..."
7,Silvia Gilma Salame Farjat facebook,Silvia Salame Profiles | Facebook,https://www.facebook.com/public/Silvia-Salame,View the profiles of people named Silvia Salame. Join Facebook to connect with Silvia Salame and others you may know. Facebook gives people the power to...
8,Silvia Gilma Salame Farjat facebook,Senadora de CC Silvia Salame: Pedido de renuncia de ...,https://red-pais.com/en/34/politica/3312/Senadora-de-CC-Silvia-Salame-Pedido-de-renuncia-de-Presidente-Evo-es-anticonstitucional-y-desconoce-voto-del-pueblo.htm,"La Paz, 08 de noviembre (Red País).-La senadora electa de Comunidad Ciudadana (CC), Silvia Gilma Salame Farjat, afirmó en las últimas horas que no se puede pedir la renuncia del presidente Evo Morales como pretenden algunos cívicos y sectores de oposición, porque está al margen de la ley, por lo que se constituye en un pedido anticonstitucional y antidemocrático que desconoce el voto de ..."
9,Silvia Gilma Salame Farjat facebook,They create a fake Twitter account of Senator Silvia Salame,https://boliviaverifica.bo/en/crean-una-cuenta-falsa-en-twitter-de-la-senadora-silvia-salame/,"Bolivia Verifica is an independent digital medium, non-profit and political tendency that aims to verify news and public discourse to fight disinformation and improve democratic participation."
10,Silvia Gilma Salame Farjat facebook,Comunidad Ciudadana presenta a las nueve candidatas a ...,https://ahoradigital.net/2019/07/15/comunidad-ciudadana-presenta-a-las-nueve-candidatas-a-primeras-senadoras/,"Comunidad Ciudadana (CC), la alianza política que postula a Carlos Mesa, presentó hace instantes a las nueve candidatas a primeras"
11,Silvia Gilma Salame Farjat facebook,Mesa presenta sus candidatas a primeras senadoras por los ...,https://sharebolivia.com/mesa-presenta-sus-candidatas-a-primeras-senadoras-por-los-9-departamentos/,5. Silvia Gilma Salame Farjat. Exmagistrada del Tribunal Constitucional. Candidata por Chuquisaca. 6. Elizabeth Zoya Zamora Arce. Candidata por Tarija. 7. Daly Cristina Santa María Aguirre. Candidata por Potosí. 8. Práxides Hidalgo Martínez. Candidata por Oruro. 9. Cecilia Moyoviri Moye. Candidata por el Beni. Vea la presentación de las ...
12,Silvia Gilma Salame Farjat facebook,Silvia Salame Farjat - Villa Serrano | Facebook,https://www.facebook.com/silviasalamefarjat/videos/villa-serrano/385099919530281/,"Felicidades #VillaSerrano Para #UnaBoliviaMejor con Carlos D. Mesa Gisbert , #UnaChuquisacaMejor con Silvia Salame Farjat李 ️ #PrimeroLasMujeres..."
13,Silvia Gilma Salame Farjat facebook,Silvia Salamé Farjat प्रोफाइल | Facebook,https://hi-in.facebook.com/public/Silvia-Salam%C3%A9-Farjat,Silvia Salamé Farjat नाम के लोगों की प्रोफ़ाइल देखें. Silvia Salamé Farjat और अपने अन्य परिचितों से जुड़ने के लिए Facebook में शामिल करें. Facebook लोगों...
14,Silvia Gilma Salame Farjat facebook,Silvia Salame Farjat - Entrevistas | Facebook,https://hi-in.facebook.com/silviasalamefarjat/videos/405897087055330/,"Mi opinión sobre ""Los efectos de acción popular e información sobre el COVID-19 en Chuquisaca"", gentileza del prestigioso #MedioDeComunicación Atesur en..."
15,Silvia Gilma Salame Farjat facebook,Los nuevos senadores de Bolivia 2020-2025,https://plurinacional.info/2020/10/24/los-nuevos-senadores-de-bolivia-2020-2025/,"- Silvia Gilma Salame Farjat, primera senadora titular La chuquisaqueña de 71 años fue magistrada del Tribunal Constitucional. Es abogada, docente y activista. Su suplente es Jorge Antonio Zamora Tardio. - Santiago Ticona Yupari, segundo senador titular El abogado de 42 años fue concejal del municipio de Sucre."
16,Silvia Gilma Salame Farjat facebook,Conoce a las candidatas a primera senadora por Comunidad ...,https://urgente.bo/noticia/conoce-las-candidatas-primera-senadora-por-comunidad-ciudadana,Silvia Gilma Salame Farjat. Exmagistrada del Tribunal Constitucional. Candidata por Chuquisaca. 6. Elizabeth Zoya Zamora Arce. Candidata por Tarija. 7. Daly Cristina Santa María Aguirre. Candidata por Potosí. 8. Práxides Hidalgo Martínez. Candidata por Oruro. 9. Cecilia Moyoviri Moye. Candidata por el Beni. PERFILES: SILVIA GILMA SALAME ...
17,Silvia Gilma Salame Farjat facebook,Silvia Salame Farjat - Felicidades Serrano | Facebook,https://www.prod.facebook.com/silviasalamefarjat/videos/784745668990966/,"29 de septiembre, un día muy importante para #Serrano, vamos por una #ChuquisacaMejor, con Carlos D. Mesa Gisbert vamos por una #BoliviaMejor"
18,Silvia Gilma Salame Farjat facebook,enlaces-senadores-bolivia/lista nombres enlaces.csv at ...,https://github.com/rp4ri/enlaces-senadores-bolivia/blob/main/lista%20nombres%20enlaces.csv,Los primeros 30 resultados de google extraídos iterando búsquedas para los senadores electos. - enlaces-senadores-bolivia/lista nombres enlaces.csv at main · rp4ri/enlaces-senadores-bolivia
19,Silvia Gilma Salame Farjat facebook,Crean una cuenta falsa en Twitter de la senadora Silvia Salame,https://boliviaverifica.bo/crean-una-cuenta-falsa-en-twitter-de-la-senadora-silvia-salame/,"Esta cuenta de Twitter no pertenece a la senadora chuquisaqueña Silvia Gilma Salame. Una cuenta creada en enero de 2021 con el nombre de la senadora chuquisaqueña Silvia Gilma Salame Farjat aparece en Twitter e incluye sus principales datos, aunque todavía no muestra publicación alguna. Esta cuenta es falsa."
20,Silvia Gilma Salame Farjat facebook,(PDF) Organismos Supraestatales: una introducción a la ...,https://www.academia.edu/8792448/Organismos_Supraestatales_una_introducci%C3%B3n_a_la_primera_elecci%C3%B3n_en_Bolivia,Tabla 5 Descripción de Candidatos de UD Departamento Candidato Observación Chuquisaca Silvia Gilma Salame Farjat Magistrada suplente del Tribunal Constitucional. La Paz Olga Beatriz Flores Bedregal Activista por la defensa de los Derechos Humanos.
21,Silvia Gilma Salame Farjat facebook,"En el Senado, oficialismo y oposición ... - Brújula Digital",https://brujuladigital.net/politica/en-el-senado-oficialismo-y-oposicion-conforman-comisiones-y-comites-en-consenso,"En el Senado, oficialismo y oposición conforman comisiones y comités en consenso. En la segunda sesión ordinaria de la Cámara de Senadores, efectuada este martes, se conformó en consenso entre el Movimiento Al Socialismo (MAS), Comunidad Ciudadana (CC) y Creemos las 10 comisiones con sus respectivos comités para la legislatura 2020 - 2021."
22,Silvia Gilma Salame Farjat facebook,Jorge Antonio Zamora - Home | Facebook,https://www.facebook.com/Jorge-Antonio-Zamora-114086619963358/,"Jorge Antonio Zamora. 1,360 likes · 3 talking about this. CANDIDATO POLITICO A 1RA SENATURIA (SUPLENTE) POR COMUNIDAD CIUDADANA CHUQUISACA"
23,Silvia Gilma Salame Farjat facebook,Seis senadores del MAS declaran ante la Contraloría no ...,https://newstime.bo/finanzas/seis-senadores-del-mas-declaran-ante-la-contraloria-no-tener-nada-en-bienes/,"Silvia Gilma Salame Farjat 40,633.23. Santiago Ticona Yupari 80,000. Virginia Velasco Condori 40,271. Felix Ajpi Ajpi 384,000. Simona Quispe Apaza 150,000. ... Búscanos en Facebook. Búscanos en Facebook. El primer diario digital especializado en economía, finanzas y negocios de Bolivia. News Time está compuesto por un equipo de periodistas ..."
24,Silvia Gilma Salame Farjat facebook,Lista Comunidad Ciudadana (CC) | Elecciones | Política,https://es.scribd.com/document/475878142/Lista-Comunidad-Ciudadana-CC,"Compartir en Facebook, abre una nueva ventana. Facebook. Compartir en Twitter, abre una nueva ventana. ... 1 1 Titular SILVIA GILMA SALAME FARJAT 1020257 F 71 03/02/1949. ... 24 8 Suplente SILVIA FERRUFINO CATORCENO 5215733 F 36 01/03/1984."
25,Jorge Antonio Zamora Tardio facebook,Jorge Antonio Zamora Tardio Profiles | Facebook,https://www.facebook.com/public/Jorge-Antonio-Zamora-Tardio,View the profiles of people named Jorge Antonio Zamora Tardio. Join Facebook to connect with Jorge Antonio Zamora Tardio and others you may know....
26,Jorge Antonio Zamora Tardio facebook,Jorge Antonio Zamora Tardio - facebook.com,https://www.facebook.com/jorgeantonio.zamoratardio.9,Jorge Antonio Zamora Tardio is on Facebook. Join Facebook to connect with Jorge Antonio Zamora Tardio and others you may know. Facebook gives people the power to share and makes the world more open...
27,Jorge Antonio Zamora Tardio facebook,Jorge Antonio Zamora Profiles | Facebook,https://www.facebook.com/public/Jorge-Antonio-Zamora,View the profiles of people named Jorge Antonio Zamora. Join Facebook to connect with Jorge Antonio Zamora and others you may know. Facebook gives people...
28,Jorge Antonio Zamora Tardio facebook,Jorge Antonio Zamora | Facebook,https://www.facebook.com/people/Jorge-Antonio-Zamora/100007316988623,Jorge Antonio Zamora is on Facebook. Join Facebook to connect with Jorge Antonio Zamora and others you may know. Facebook gives people the power to share and makes the world more open and connected.
29,Jorge Antonio Zamora Tardio facebook,Jorge Antonio Zamora García Profiles | Facebook,https://www.facebook.com/public/Jorge-Antonio-Zamora-Garc%C3%ADa,View the profiles of people named Jorge Antonio Zamora García. Join Facebook to connect with Jorge Antonio Zamora García and others you may know....
30,Jorge Antonio Zamora Tardio facebook,「Jorge Antonio Zamora Tardio」のプロフィール | Facebook,https://ja-jp.facebook.com/public/Jorge-Antonio-Zamora-Tardio,「Jorge Antonio Zamora Tardio」という名前の人のプロフィールを表示Facebookに参加して、Jorge Antonio Zamora Tardioさんや他の知り合いと交流しましょう。Facebookは、人々が簡単に情報をシェアできる、オープンでつながりのある世界の構築をお手伝いします。
31,Jorge Antonio Zamora Tardio facebook,Jorge Antonio Avecillas Zamora Profiles | Facebook,https://www.facebook.com/public/Jorge-Antonio-Avecillas-Zamora,View the profiles of people named Jorge Antonio Avecillas Zamora. Join Facebook to connect with Jorge Antonio Avecillas Zamora and others you may know....
32,Jorge Antonio Zamora Tardio facebook,Jorge Antonio Zamora प्रोफाइल | Facebook,https://hi-in.facebook.com/public/Jorge-Antonio-Zamora,Jorge Antonio Zamora नाम के लोगों की प्रोफ़ाइल देखें. Jorge Antonio Zamora और अपने अन्य परिचितों से जुड़ने के लिए Facebook में शामिल करें. Facebook लोगों...
33,Jorge Antonio Zamora Tardio facebook,Profils Jorge Antonio Espinoza Zamora | Facebook,https://fr-fr.facebook.com/public/Jorge-Antonio-Espinoza-Zamora,"Personnes appelées Jorge Antonio Espinoza Zamora Retrouvez vos amis sur Facebook Connectez-vous ou inscrivez-vous sur Facebook pour communiquer avec vos amis, votre famille et vos connaissances."
34,Jorge Antonio Zamora Tardio facebook,「Jorge Antonio Santamaria Zamora」のプロフィール | Facebook,https://ja-jp.facebook.com/public/Jorge-Antonio-Santamaria-Zamora,「Jorge Antonio Santamaria Zamora」という名前の人のプロフィールを表示Facebookに参加して、Jorge Antonio Santamaria...
35,Jorge Antonio Zamora Tardio facebook,Profils Jorge Antonio Ramirez Zamora | Facebook,https://fr-ca.facebook.com/public/Jorge-Antonio-Ramirez-Zamora,"Personnes qui s'appellent Jorge Antonio Ramirez Zamora Retrouvez vos amis sur Facebook Connectez-vous ou inscrivez-vous à Facebook pour communiquer avec vos amis, votre famille et les personnes que vous connaissez."
36,Jorge Antonio Zamora Tardio facebook,Jorge Antonio Zamora 프로필 | Facebook,https://ko-kr.facebook.com/public/Jorge-Antonio-Zamora,이름이 Jorge Antonio Zamora인 사람들의 프로필을 확인해보세요. Jorge Antonio Zamora님과 다른 지인들과의 연락을 위해 Facebook에 가입하세요. Facebook은 소통을 통해 하나로 연결되는 세상을 만들어 갑니다.
37,Jorge Antonio Zamora Tardio facebook,Jorge Antonio Galina Zamora profili | Facebook,https://it-it.facebook.com/public/Jorge-Antonio-Galina-Zamora,Visualizza i profili delle persone di nome Jorge Antonio Galina Zamora. Iscriviti a Facebook per connetterti con Jorge Antonio Galina Zamora e altre...
38,Jorge Antonio Zamora Tardio facebook,Jorge Antonio Gonzalez Zamora Perfis | Facebook,https://pt-br.facebook.com/public/Jorge-Antonio-Gonzalez-Zamora,Visualize os perfis de pessoas chamadas Jorge Antonio Gonzalez Zamora. Participe do Facebook para se conectar com Jorge Antonio Gonzalez Zamora e outros...
39,Jorge Antonio Zamora Tardio facebook,Jorge Antonio Villegas Zamora Perfiles | Facebook,https://es-es.facebook.com/public/Jorge-Antonio-Villegas-Zamora,Ver los perfiles de las personas que se llaman Jorge Antonio Villegas Zamora. Únete a Facebook para conectar con Jorge Antonio Villegas Zamora y otras...
40,Jorge Antonio Zamora Tardio facebook,Jorge Antonio Avecillas Zamora profili | Facebook,https://it-it.facebook.com/public/Jorge-Antonio-Avecillas-Zamora,Visualizza i profili delle persone di nome Jorge Antonio Avecillas Zamora. Iscriviti a Facebook per connetterti con Jorge Antonio Avecillas Zamora e...
41,Jorge Antonio Zamora Tardio facebook,Jorge Antonio Islas Zamora perfis | Facebook,https://pt-pt.facebook.com/public/Jorge-Antonio-Islas-Zamora,Vê os perfis de pessoas com o nome Jorge Antonio Islas Zamora. Adere ao Facebook para te ligares a Jorge Antonio Islas Zamora e a outras pessoas que...
42,Jorge Antonio Zamora Tardio facebook,Jorge Antonio Santamaría Zamora Perfiles | Facebook,https://es-la.facebook.com/public/Jorge-Antonio-Santamar%C3%ADa-Zamora,Ver perfiles de personas llamadas Jorge Antonio Santamaría Zamora. Únete a Facebook para estar en contacto con Jorge Antonio Santamaría Zamora y otras...
43,Jorge Antonio Zamora Tardio facebook,Jorge Antonio Herrera Zamora Perfiles | Facebook,https://es-la.facebook.com/public/Jorge-Antonio-Herrera-Zamora,Ver perfiles de personas llamadas Jorge Antonio Herrera Zamora. Únete a Facebook para estar en contacto con Jorge Antonio Herrera Zamora y otras personas...
44,Jorge Antonio Zamora Tardio facebook,Jorge Antonio Santamaría Zamora profili | Facebook,https://it-it.facebook.com/public/Jorge-Antonio-Santamar%C3%ADa-Zamora,Visualizza i profili delle persone di nome Jorge Antonio Santamaría Zamora. Iscriviti a Facebook per connetterti con Jorge Antonio Santamaría Zamora e...
45,Jorge Antonio Zamora Tardio facebook,「Jorge Antonio Chong Zamora」のプロフィール | Facebook,https://ja-jp.facebook.com/public/Jorge-Antonio-Chong-Zamora,「Jorge Antonio Chong Zamora」という名前の人のプロフィールを表示Facebookに参加して、Jorge Antonio Chong Zamoraさんや他の知り合いと交流しましょう。Facebookは、人々が簡単に情報をシェアできる、オープンでつながりのある世界の構築をお手伝いします。
46,Jorge Antonio Zamora Tardio facebook,Profile Jorge Antonio Sánchez Zamora | Facebook,https://pl-pl.facebook.com/public/Jorge-Antonio-S%C3%A1nchez-Zamora,"Pokaż profile osób o imieniu i nazwisku Jorge Antonio Sánchez Zamora. Dołącz do Facebooka, by mieć kontakt z „Jorge Antonio Sánchez Zamora"" i innymi,..."
47,Jorge Antonio Zamora Tardio facebook,Jorge Antonio Gallardo Zamora 프로필 | Facebook,https://ko-kr.facebook.com/public/Jorge-Antonio-Gallardo-Zamora,이름이 Jorge Antonio Gallardo Zamora인 사람들의 프로필을 확인해보세요. Jorge Antonio Gallardo Zamora님과 다른 지인들과의 연락을 위해 Facebook에 가입하세요. Facebook은 소통을 통해 하나로 연결되는 세상을 만들어 갑니다.
48,Jorge Antonio Zamora Tardio facebook,Antonio Jorgs Jorge Antonio Profile | Facebook,https://de-de.facebook.com/public/Antonio-Jorgs-Jorge-Antonio,"Profile von Personen mit dem Namen Antonio Jorgs Jorge Antonio anzeigen. Tritt Facebook bei, um dich mit Antonio Jorgs Jorge Antonio und anderen..."
49,Jorge Antonio Zamora Tardio facebook,Antonio Imamo Jorge Antonio Perfis | Facebook,https://pt-br.facebook.com/public/Antonio-Imamo-Jorge-Antonio,Visualize os perfis de pessoas chamadas Antonio Imamo Jorge Antonio. Participe do Facebook para se conectar com Antonio Imamo Jorge Antonio e outros que...
50,Jorge Antonio Zamora Tardio facebook,Antonio Jorge Vumissa Antonio Perfis | Facebook,https://pt-br.facebook.com/public/Antonio-Jorge-Vumissa-Antonio,Visualize os perfis de pessoas chamadas Antonio Jorge Vumissa Antonio. Participe do Facebook para se conectar com Antonio Jorge Vumissa Antonio e outros...
51,Jorge Antonio Zamora Tardio facebook,Jorge Antonio Zamora - Senador por Chuquisaca - Home ...,https://business.facebook.com/JorgeZamoraSenador/?__xts__%5B0%5D=68.ardgy-a...,"Jorge Antonio Zamora - Senador por Chuquisaca. 1,358 likes · 1 talking about this. SENADOR POR CHUQUISACA"
